{"version": "1", "message": "ERROR: Hidden Testcases server unreachable.", "problem_id": "cspp1_m10_a1_1", "user_id": "gvnaakhilsurya", "score": {"sample": {"0": {"execution_time": 0.046907901763916016, "passed": true}, "1": {"execution_time": 0.04681873321533203, "passed": false}, "2": {"execution_time": 0.04691004753112793, "passed": false}, "3": {"execution_time": 0.04681825637817383, "passed": false}, "4": {"execution_time": 0.04686260223388672, "passed": false}, "5": {"execution_time": 0.04690384864807129, "passed": false}, "6": {"execution_time": 0.04682493209838867, "passed": false}, "7": {"execution_time": 0.03124213218688965, "passed": false}, "8": {"execution_time": 0.04686284065246582, "passed": false}, "9": {"execution_time": 0.0624845027923584, "passed": false}, "10": {"execution_time": 0.07810640335083008, "passed": false}, "11": {"execution_time": 0.06248736381530762, "passed": false}, "12": {"execution_time": 0.06248354911804199, "passed": false}, "13": {"execution_time": 0.0624852180480957, "passed": false}, "14": {"execution_time": 0.04686403274536133, "passed": false}, "15": {"execution_time": 0.0624849796295166, "passed": false}, "16": {"execution_time": 0.04686403274536133, "passed": false}, "17": {"execution_time": 0.0624849796295166, "passed": true}, "18": {"execution_time": 0.04686450958251953, "passed": false}, "19": {"execution_time": 0.04686379432678223, "passed": false}, "20": {"execution_time": 0.06252193450927734, "passed": true}, "21": {"execution_time": 0.06245017051696777, "passed": false}, "22": {"execution_time": 0.04686450958251953, "passed": false}, "23": {"execution_time": 0.062482595443725586, "passed": false}, "24": {"execution_time": 0.046866655349731445, "passed": false}}}, "pylint_score": "4/10"}