{"version": "1", "message": "ERROR: Hidden Testcases server unreachable.", "problem_id": "cspp1_m10_a1_1", "user_id": "gvnaakhilsurya", "score": {"sample": {"0": {"execution_time": 0.04686450958251953, "passed": true}, "1": {"execution_time": 0.04686379432678223, "passed": false}, "2": {"execution_time": 0.04686570167541504, "passed": false}, "3": {"execution_time": 0.04686164855957031, "passed": false}, "4": {"execution_time": 0.03128385543823242, "passed": false}, "5": {"execution_time": 0.04682302474975586, "passed": false}, "6": {"execution_time": 0.04686427116394043, "passed": false}, "7": {"execution_time": 0.07810592651367188, "passed": false}, "8": {"execution_time": 0.062485694885253906, "passed": false}, "9": {"execution_time": 0.0624849796295166, "passed": false}, "10": {"execution_time": 0.062485456466674805, "passed": false}, "11": {"execution_time": 0.0624847412109375, "passed": false}, "12": {"execution_time": 0.05698585510253906, "passed": false}, "13": {"execution_time": 0.04686546325683594, "passed": false}, "14": {"execution_time": 0.0624847412109375, "passed": false}, "15": {"execution_time": 0.0681297779083252, "passed": false}, "16": {"execution_time": 0.046320199966430664, "passed": false}, "17": {"execution_time": 0.0624849796295166, "passed": false}, "18": {"execution_time": 0.06248593330383301, "passed": false}, "19": {"execution_time": 0.0624845027923584, "passed": false}, "20": {"execution_time": 0.04686379432678223, "passed": false}, "21": {"execution_time": 0.06248617172241211, "passed": false}, "22": {"execution_time": 0.0624849796295166, "passed": false}, "23": {"execution_time": 0.046863555908203125, "passed": false}, "24": {"execution_time": 0.062485456466674805, "passed": false}}}, "pylint_score": "-6/10"}