{"version": "1", "message": "ERROR: Hidden Testcases server unreachable.", "problem_id": "cspp1_m10_a1_1", "user_id": "gvnaakhilsurya", "score": {"sample": {"0": {"execution_time": 0.047347068786621094, "passed": false}, "1": {"execution_time": 0.04445981979370117, "passed": false}, "2": {"execution_time": 0.04365897178649902, "passed": false}, "3": {"execution_time": 0.04487800598144531, "passed": false}, "4": {"execution_time": 0.044066667556762695, "passed": false}, "5": {"execution_time": 0.04388117790222168, "passed": false}, "6": {"execution_time": 0.04416847229003906, "passed": false}, "7": {"execution_time": 0.04388141632080078, "passed": false}, "8": {"execution_time": 0.043872833251953125, "passed": false}, "9": {"execution_time": 0.04326963424682617, "passed": false}, "10": {"execution_time": 0.04388141632080078, "passed": false}, "11": {"execution_time": 0.047821998596191406, "passed": false}, "12": {"execution_time": 0.04487776756286621, "passed": false}, "13": {"execution_time": 0.04382967948913574, "passed": false}, "14": {"execution_time": 0.046193838119506836, "passed": false}, "15": {"execution_time": 0.04331684112548828, "passed": false}, "16": {"execution_time": 0.043882131576538086, "passed": false}, "17": {"execution_time": 0.043885231018066406, "passed": false}, "18": {"execution_time": 0.045365095138549805, "passed": false}, "19": {"execution_time": 0.044879913330078125, "passed": false}, "20": {"execution_time": 0.04302358627319336, "passed": false}, "21": {"execution_time": 0.04388260841369629, "passed": false}, "22": {"execution_time": 0.04388117790222168, "passed": false}, "23": {"execution_time": 0.044844865798950195, "passed": false}, "24": {"execution_time": 0.04391980171203613, "passed": false}}}, "pylint_score": "0/0"}