{"version": "1", "message": "ERROR: Hidden Testcases server unreachable.", "problem_id": "cspp1_m10_a1_1", "user_id": "gvnaakhilsurya", "score": {"sample": {"0": {"execution_time": 0.046829938888549805, "passed": true}, "1": {"execution_time": 0.04690718650817871, "passed": false}, "2": {"execution_time": 0.046822547912597656, "passed": false}, "3": {"execution_time": 0.04686236381530762, "passed": false}, "4": {"execution_time": 0.046912431716918945, "passed": false}, "5": {"execution_time": 0.031197547912597656, "passed": false}, "6": {"execution_time": 0.03128623962402344, "passed": false}, "7": {"execution_time": 0.04681730270385742, "passed": false}, "8": {"execution_time": 0.06248593330383301, "passed": false}, "9": {"execution_time": 0.07810616493225098, "passed": false}, "10": {"execution_time": 0.062485456466674805, "passed": false}, "11": {"execution_time": 0.06248831748962402, "passed": false}, "12": {"execution_time": 0.06248283386230469, "passed": false}, "13": {"execution_time": 0.04686331748962402, "passed": false}, "14": {"execution_time": 0.06322407722473145, "passed": false}, "15": {"execution_time": 0.04686594009399414, "passed": false}, "16": {"execution_time": 0.06248331069946289, "passed": false}, "17": {"execution_time": 0.06722807884216309, "passed": false}, "18": {"execution_time": 0.054943084716796875, "passed": false}, "19": {"execution_time": 0.062483787536621094, "passed": false}, "20": {"execution_time": 0.04686331748962402, "passed": false}, "21": {"execution_time": 0.06248641014099121, "passed": false}, "22": {"execution_time": 0.0624842643737793, "passed": false}, "23": {"execution_time": 0.04686403274536133, "passed": false}, "24": {"execution_time": 0.062485456466674805, "passed": false}}}, "pylint_score": "4/10"}