{"version": "1", "message": "ERROR: Hidden Testcases server unreachable.", "problem_id": "cspp1_m10_a1_1", "user_id": "gvnaakhilsurya", "score": {"sample": {"0": {"execution_time": 0.04686403274536133, "passed": false}, "1": {"execution_time": 0.031241655349731445, "passed": false}, "2": {"execution_time": 0.04686403274536133, "passed": false}, "3": {"execution_time": 0.04686856269836426, "passed": false}, "4": {"execution_time": 0.046900272369384766, "passed": false}, "5": {"execution_time": 0.046857595443725586, "passed": false}, "6": {"execution_time": 0.046831607818603516, "passed": false}, "7": {"execution_time": 0.04691004753112793, "passed": false}, "8": {"execution_time": 0.031228065490722656, "passed": false}, "9": {"execution_time": 0.04686570167541504, "passed": false}, "10": {"execution_time": 0.04686260223388672, "passed": false}, "11": {"execution_time": 0.062485694885253906, "passed": false}, "12": {"execution_time": 0.07810616493225098, "passed": false}, "13": {"execution_time": 0.0624849796295166, "passed": false}, "14": {"execution_time": 0.06776690483093262, "passed": false}, "15": {"execution_time": 0.052539825439453125, "passed": false}, "16": {"execution_time": 0.04686427116394043, "passed": false}, "17": {"execution_time": 0.046863555908203125, "passed": false}, "18": {"execution_time": 0.05375552177429199, "passed": false}, "19": {"execution_time": 0.06248617172241211, "passed": false}, "20": {"execution_time": 0.0624845027923584, "passed": false}, "21": {"execution_time": 0.04686379432678223, "passed": false}, "22": {"execution_time": 0.0624852180480957, "passed": false}, "23": {"execution_time": 0.04686474800109863, "passed": false}, "24": {"execution_time": 0.062487125396728516, "passed": false}}}, "pylint_score": "-3/10"}