{"version": "1", "message": "ERROR: Hidden Testcases server unreachable.", "problem_id": "cspp1_m10_a1_1", "user_id": "gvnaakhilsurya", "score": {"sample": {"0": {"execution_time": 0.04686474800109863, "passed": false}, "1": {"execution_time": 0.046894073486328125, "passed": false}, "2": {"execution_time": 0.04683256149291992, "passed": false}, "3": {"execution_time": 0.031289100646972656, "passed": false}, "4": {"execution_time": 0.06000065803527832, "passed": false}, "5": {"execution_time": 0.04453539848327637, "passed": false}, "6": {"execution_time": 0.03128457069396973, "passed": false}, "7": {"execution_time": 0.046822547912597656, "passed": false}, "8": {"execution_time": 0.08053350448608398, "passed": false}, "9": {"execution_time": 0.06656980514526367, "passed": false}, "10": {"execution_time": 0.0624852180480957, "passed": false}, "11": {"execution_time": 0.06249094009399414, "passed": false}, "12": {"execution_time": 0.062479257583618164, "passed": false}, "13": {"execution_time": 0.06248641014099121, "passed": false}, "14": {"execution_time": 0.062485456466674805, "passed": false}, "15": {"execution_time": 0.04686331748962402, "passed": false}, "16": {"execution_time": 0.046864986419677734, "passed": false}, "17": {"execution_time": 0.0624849796295166, "passed": false}, "18": {"execution_time": 0.062483787536621094, "passed": false}, "19": {"execution_time": 0.04686546325683594, "passed": false}, "20": {"execution_time": 0.0624842643737793, "passed": false}, "21": {"execution_time": 0.0624847412109375, "passed": false}, "22": {"execution_time": 0.05536842346191406, "passed": false}, "23": {"execution_time": 0.046863555908203125, "passed": false}, "24": {"execution_time": 0.04686570167541504, "passed": false}}}, "pylint_score": "-17/10"}