{"version": "1", "message": "ERROR: Hidden Testcases server unreachable.", "problem_id": "cspp1_m10_a1_1", "user_id": "gvnaakhilsurya", "score": {"sample": {"0": {"execution_time": 0.04683184623718262, "passed": false}, "1": {"execution_time": 0.03128409385681152, "passed": false}, "2": {"execution_time": 0.05779314041137695, "passed": false}, "3": {"execution_time": 0.029690027236938477, "passed": false}, "4": {"execution_time": 0.06244182586669922, "passed": false}, "5": {"execution_time": 0.031276702880859375, "passed": false}, "6": {"execution_time": 0.046831607818603516, "passed": false}, "7": {"execution_time": 0.06730890274047852, "passed": false}, "8": {"execution_time": 0.06248641014099121, "passed": false}, "9": {"execution_time": 0.0624847412109375, "passed": false}, "10": {"execution_time": 0.062485694885253906, "passed": false}, "11": {"execution_time": 0.0624852180480957, "passed": false}, "12": {"execution_time": 0.04686379432678223, "passed": false}, "13": {"execution_time": 0.0624849796295166, "passed": false}, "14": {"execution_time": 0.04686570167541504, "passed": false}, "15": {"execution_time": 0.062483787536621094, "passed": false}, "16": {"execution_time": 0.04686427116394043, "passed": false}, "17": {"execution_time": 0.0624852180480957, "passed": false}, "18": {"execution_time": 0.04686427116394043, "passed": false}, "19": {"execution_time": 0.0624847412109375, "passed": false}, "20": {"execution_time": 0.06141805648803711, "passed": false}, "21": {"execution_time": 0.042272329330444336, "passed": false}, "22": {"execution_time": 0.062485456466674805, "passed": false}, "23": {"execution_time": 0.04686331748962402, "passed": false}, "24": {"execution_time": 0.0693352222442627, "passed": false}}}, "pylint_score": "-3/10"}