{"version": "1", "message": "ERROR: Hidden Testcases server unreachable.", "problem_id": "cspp1_m10_a1_1", "user_id": "gvnaakhilsurya", "score": {"sample": {"0": {"execution_time": 0.046831607818603516, "passed": false}, "1": {"execution_time": 0.03128838539123535, "passed": false}, "2": {"execution_time": 0.058004140853881836, "passed": false}, "3": {"execution_time": 0.041428327560424805, "passed": false}, "4": {"execution_time": 0.04686474800109863, "passed": false}, "5": {"execution_time": 0.046863555908203125, "passed": false}, "6": {"execution_time": 0.031287431716918945, "passed": false}, "7": {"execution_time": 0.04682421684265137, "passed": false}, "8": {"execution_time": 0.06248188018798828, "passed": false}, "9": {"execution_time": 0.07810401916503906, "passed": false}, "10": {"execution_time": 0.062485694885253906, "passed": false}, "11": {"execution_time": 0.06248593330383301, "passed": false}, "12": {"execution_time": 0.0624842643737793, "passed": false}, "13": {"execution_time": 0.06248664855957031, "passed": false}, "14": {"execution_time": 0.04686403274536133, "passed": false}, "15": {"execution_time": 0.062484025955200195, "passed": false}, "16": {"execution_time": 0.04686403274536133, "passed": false}, "17": {"execution_time": 0.056899070739746094, "passed": false}, "18": {"execution_time": 0.06248641014099121, "passed": false}, "19": {"execution_time": 0.04686307907104492, "passed": false}, "20": {"execution_time": 0.055228233337402344, "passed": false}, "21": {"execution_time": 0.0432591438293457, "passed": false}, "22": {"execution_time": 0.04686331748962402, "passed": false}, "23": {"execution_time": 0.06248593330383301, "passed": false}, "24": {"execution_time": 0.04686379432678223, "passed": false}}}, "pylint_score": "-5/10"}