{"version": "1", "message": "ERROR: Hidden Testcases server unreachable.", "problem_id": "cspp1_m10_a1_1", "user_id": "gvnaakhilsurya", "score": {"sample": {"0": {"execution_time": 0.04679155349731445, "passed": false}, "1": {"execution_time": 0.04558420181274414, "passed": false}, "2": {"execution_time": 0.04388308525085449, "passed": false}, "3": {"execution_time": 0.04486703872680664, "passed": false}, "4": {"execution_time": 0.052600860595703125, "passed": false}, "5": {"execution_time": 0.0468752384185791, "passed": false}, "6": {"execution_time": 0.045710086822509766, "passed": false}, "7": {"execution_time": 0.044144630432128906, "passed": false}, "8": {"execution_time": 0.050864458084106445, "passed": false}, "9": {"execution_time": 0.06781840324401855, "passed": false}, "10": {"execution_time": 0.07081055641174316, "passed": false}, "11": {"execution_time": 0.07081103324890137, "passed": false}, "12": {"execution_time": 0.06482672691345215, "passed": false}, "13": {"execution_time": 0.05884146690368652, "passed": false}, "14": {"execution_time": 0.05585026741027832, "passed": false}, "15": {"execution_time": 0.056847572326660156, "passed": false}, "16": {"execution_time": 0.06183457374572754, "passed": false}, "17": {"execution_time": 0.05884242057800293, "passed": false}, "18": {"execution_time": 0.05485343933105469, "passed": false}, "19": {"execution_time": 0.059839725494384766, "passed": false}, "20": {"execution_time": 0.05884265899658203, "passed": false}, "21": {"execution_time": 0.056847333908081055, "passed": false}, "22": {"execution_time": 0.05784463882446289, "passed": false}, "23": {"execution_time": 0.057845115661621094, "passed": false}, "24": {"execution_time": 0.06083798408508301, "passed": false}}}, "pylint_score": "0/0"}