{"version": "1", "message": "ERROR: Hidden Testcases server unreachable.", "problem_id": "cspp1_m10_a1_1", "user_id": "gvnaakhilsurya", "score": {"sample": {"0": {"execution_time": 0.04686403274536133, "passed": true}, "1": {"execution_time": 0.046864986419677734, "passed": false}, "2": {"execution_time": 0.03127765655517578, "passed": false}, "3": {"execution_time": 0.046828508377075195, "passed": false}, "4": {"execution_time": 0.04686856269836426, "passed": false}, "5": {"execution_time": 0.046861886978149414, "passed": false}, "6": {"execution_time": 0.04686141014099121, "passed": false}, "7": {"execution_time": 0.046864986419677734, "passed": false}, "8": {"execution_time": 0.0624842643737793, "passed": false}, "9": {"execution_time": 0.0624845027923584, "passed": false}, "10": {"execution_time": 0.07628941535949707, "passed": false}, "11": {"execution_time": 0.062483787536621094, "passed": false}, "12": {"execution_time": 0.062485694885253906, "passed": false}, "13": {"execution_time": 0.06248641014099121, "passed": false}, "14": {"execution_time": 0.04686403274536133, "passed": false}, "15": {"execution_time": 0.062485694885253906, "passed": false}, "16": {"execution_time": 0.0624847412109375, "passed": false}, "17": {"execution_time": 0.04686403274536133, "passed": true}, "18": {"execution_time": 0.062484025955200195, "passed": false}, "19": {"execution_time": 0.04686546325683594, "passed": false}, "20": {"execution_time": 0.06248354911804199, "passed": true}, "21": {"execution_time": 0.062485694885253906, "passed": false}, "22": {"execution_time": 0.04686570167541504, "passed": false}, "23": {"execution_time": 0.06248283386230469, "passed": false}, "24": {"execution_time": 0.04686546325683594, "passed": false}}}, "pylint_score": "3/10"}