{"version": "1", "message": "ERROR: Hidden Testcases server unreachable.", "problem_id": "cspp1_m10_a1_1", "user_id": "gvnaakhilsurya", "score": {"sample": {"0": {"execution_time": 0.031252145767211914, "passed": true}, "1": {"execution_time": 0.04682326316833496, "passed": false}, "2": {"execution_time": 0.046896934509277344, "passed": false}, "3": {"execution_time": 0.04682803153991699, "passed": false}, "4": {"execution_time": 0.046869754791259766, "passed": false}, "5": {"execution_time": 0.04689788818359375, "passed": false}, "6": {"execution_time": 0.04682493209838867, "passed": false}, "7": {"execution_time": 0.0624845027923584, "passed": false}, "8": {"execution_time": 0.06248664855957031, "passed": false}, "9": {"execution_time": 0.062484025955200195, "passed": false}, "10": {"execution_time": 0.07625198364257812, "passed": false}, "11": {"execution_time": 0.04686737060546875, "passed": false}, "12": {"execution_time": 0.062482357025146484, "passed": false}, "13": {"execution_time": 0.06248641014099121, "passed": false}, "14": {"execution_time": 0.04686236381530762, "passed": false}, "15": {"execution_time": 0.0624849796295166, "passed": false}, "16": {"execution_time": 0.062485456466674805, "passed": false}, "17": {"execution_time": 0.07810664176940918, "passed": false}, "18": {"execution_time": 0.06248664855957031, "passed": false}, "19": {"execution_time": 0.062484025955200195, "passed": false}, "20": {"execution_time": 0.04686546325683594, "passed": false}, "21": {"execution_time": 0.062485694885253906, "passed": false}, "22": {"execution_time": 0.04686331748962402, "passed": false}, "23": {"execution_time": 0.062484025955200195, "passed": false}, "24": {"execution_time": 0.062487125396728516, "passed": false}}}, "pylint_score": "4/10"}