{"version": "1", "message": "ERROR: Hidden Testcases server unreachable.", "problem_id": "cspp1_m10_a1_1", "user_id": "gvnaakhilsurya", "score": {"sample": {"0": {"execution_time": 0.031209230422973633, "passed": true}, "1": {"execution_time": 0.04686403274536133, "passed": false}, "2": {"execution_time": 0.046904802322387695, "passed": false}, "3": {"execution_time": 0.04685854911804199, "passed": false}, "4": {"execution_time": 0.046869516372680664, "passed": false}, "5": {"execution_time": 0.04686570167541504, "passed": false}, "6": {"execution_time": 0.04682159423828125, "passed": false}, "7": {"execution_time": 0.0469059944152832, "passed": false}, "8": {"execution_time": 0.04682135581970215, "passed": false}, "9": {"execution_time": 0.0624847412109375, "passed": false}, "10": {"execution_time": 0.0728464126586914, "passed": false}, "11": {"execution_time": 0.062485456466674805, "passed": false}, "12": {"execution_time": 0.0624849796295166, "passed": false}, "13": {"execution_time": 0.06669807434082031, "passed": false}, "14": {"execution_time": 0.04686427116394043, "passed": false}, "15": {"execution_time": 0.06248664855957031, "passed": false}, "16": {"execution_time": 0.04686236381530762, "passed": false}, "17": {"execution_time": 0.062487125396728516, "passed": false}, "18": {"execution_time": 0.04686236381530762, "passed": false}, "19": {"execution_time": 0.0624845027923584, "passed": false}, "20": {"execution_time": 0.06248593330383301, "passed": false}, "21": {"execution_time": 0.0624849796295166, "passed": false}, "22": {"execution_time": 0.04686594009399414, "passed": false}, "23": {"execution_time": 0.06248354911804199, "passed": false}, "24": {"execution_time": 0.046863555908203125, "passed": false}}}, "pylint_score": "-5/10"}